{"type": "block", "layer": 1, "block": 0, "features": [{"geom": {"polygons": [[[[-6070.993856236339, -11067.421243223362], [-6052.05731900502, -10666.515263727866], [-6213.017885476351, -9944.86367011303], [-5711.199648825452, -9303.37309616059], [-5616.516962664202, -8832.264971062075], [-5938.43809561152, -8641.813763524871], [-6137.271736548282, -8772.122686150484], [-6516.002481191419, -8892.407069818117], [-6326.637108870782, -8381.193296239246], [-6156.2082737814635, -7980.231903632637], [-6497.065943959169, -7960.1836167359725], [-6620.153435968794, -6386.328505716752], [-7917.306236371398, -6356.253598860465], [-7983.58411668241, -6576.801833693869], [-8163.481220386922, -6576.801833693869], [-8163.481220386922, -6436.4532469231635], [-8286.568712395616, -6516.652563620824], [-8371.783129941672, -6667.025389343966], [-8494.870621950366, -6707.124612809159], [-8580.08503949456, -6506.627667154651], [-8750.513874584809, -6446.478179631289], [-8608.489845342934, -6155.753028888721], [-8513.807159182616, -6185.828246427234], [-8561.14850226231, -5905.124403575901], [-8456.997547484934, -5714.644483524375], [-8513.807159182616, -5524.162693652324], [-8438.061010252684, -5484.06102592824], [-8324.441786861978, -5594.340412737336], [-8210.822563467547, -5764.7709595509805], [-7983.58411668241, -5734.695089473389], [-7974.115848066285, -5534.188097632956], [-7746.877401281148, -5323.653526184149], [-7822.623550209217, -5153.21910453774], [-7585.916834807023, -5022.885889442172], [-7358.678388021886, -4782.268422504421], [-7377.614925254136, -4601.803363483865], [-7216.654358780943, -4301.0245335618965], [-7339.741850789636, -4250.894275045022], [-7576.44856619183, -4491.5183341335505], [-7860.496624672785, -2977.542250711471], [-8343.378324092366, -2395.983579806518], [-8883.069635209627, -1924.7077161651105], [-9555.316706949845, -891.8715783497319], [-9735.213810657151, -891.8715783497319], [-9678.404198958538, -530.8673161147162], [-9337.546528779902, -671.2586623071693], [-8845.196560745127, -510.81132641714066], [-8305.505249629728, 742.7292644730769], [-8532.743696414866, 1173.965997477062], [-8409.65620440524, 1414.6604464575648], [-8608.489845342934, 1645.3287701644003], [-8456.997547484934, 1695.4744218955748], [-8485.40235333331, 2237.0557446810417], [-8419.124473020434, 2598.1183857782744], [-8286.568712395616, 2698.4147603423335], [-8229.759100699797, 2999.3070057085715], [-8135.076414539479, 2939.128182012122], [-7860.496624672785, 2758.592834804207], [-7680.599520967342, 2808.7413732646964], [-7585.916834807023, 3300.2039341637865], [-7349.21011940483, 3410.5339814503677], [-7339.741850789636, 3771.6185394614004], [-7216.654358780943, 3791.678990483284], [-7159.844747083262, 3651.2562705883756], [-7065.162060923874, 3571.0151744275354], [-6989.4159119948745, 3430.5940577066503], [-6610.685167351738, 3601.1055464497767], [-6534.939018423669, 3500.8044885494746], [-6563.343824272044, 3380.443906101398], [-6818.987076906487, 3280.143993221689], [-6695.8995848968625, 2868.919791114051], [-6355.041914718226, 2718.4740976858884], [-6241.422691324726, 2838.8305587768555], [-6137.271736548282, 2748.5631427201442], [-6014.184244539589, 2668.325793346856], [-6203.549616861157, 2477.7634230069816], [-5928.969826995395, 2237.0557446810417], [-5834.287140834145, 2517.881660696119], [-5985.779438691214, 2798.711655167863], [-5768.00926052127, 2899.009070280008], [-5805.88233498577, 3420.5640169768594], [-5607.048694049008, 3731.497699883301], [-5900.565021148883, 4443.654985154513], [-6165.676542399451, 4503.838493722025], [-6421.319795032963, 4804.758848760277], [-6411.851526416838, 5266.179164328612], [-6629.621704586782, 5406.613622213714], [-6572.812092890032, 5717.579270209651], [-6506.534212577157, 5807.86055755103], [-6582.280361507088, 5978.393029761966], [-6639.089973201975, 6158.958465525415], [-6449.724600881338, 6189.0528689958155], [-6355.04191472102, 6048.612720792182], [-6421.319795032963, 5908.173594099935], [-5966.842901460826, 5667.423181846738], [-5786.945797756314, 5406.613622213714], [-5540.770813738927, 5366.489387192298], [-5389.278515879996, 5165.869462430477], [-5521.834276506677, 4995.344164739363], [-5360.8737100325525, 4854.91269697994], [-5209.381412174553, 4885.005068413913], [-5067.357382935472, 4674.359452760313], [-5162.04006909579, 4383.471664052922], [-5001.079502621666, 4172.831516407896], [-4934.801622310653, 4243.0446438174695], [-4963.206428159028, 4644.267409448046], [-4669.690101061016, 4393.502204551827], [-4575.007414898835, 4604.144757942297], [-4622.34875797946, 4714.482250089757], [-4754.904518604279, 4674.359452760313], [-4764.372787221335, 4784.697345930617], [-4717.03144414071, 4935.159124975558], [-4963.206428159028, 5075.591176123824], [-4868.52374199871, 5396.5825556437485], [-4991.611234006472, 5597.204876989126], [-4944.269890926778, 5807.86055755103], [-4309.895893650129, 5747.672985757701], [-3675.521896371618, 5888.110945099965], [-3031.6796304779127, 5797.829282557592], [-2681.353691684082, 6018.518536223099], [-2529.8613938270137, 6098.769799309783], [-2302.6229470409453, 5938.267606685869], [-2141.662380568683, 5807.86055755103], [-1971.2335454784334, 5787.798012775369], [-1857.6143220849335, 5496.893455801997], [-1762.9316359255463, 5296.272176485043], [-1668.2489497642964, 5296.272176485043], [-1668.2489497642964, 5577.142551068217], [-1450.478771594353, 5496.893455801997], [-1147.4941758792847, 5436.706853184849], [-1100.1528327995911, 5336.396265629679], [-967.5970721738413, 5426.675770984497], [-806.6365057025105, 5346.427300941199], [-844.5095801660791, 5195.9623183002695], [-740.3586253887042, 5135.77665344486], [-920.2557290941477, 4945.189951913897], [-655.144207845442, 4413.5633011707105], [-513.1201786035672, 4393.502204551827], [-380.5644179787487, 4253.075111418031], [-484.71537275612354, 3972.223986714147], [-352.1596121303737, 3781.6487623690628], [-399.50095521099865, 3651.2562705883756], [-58.64328503143042, 3591.0754172368906], [92.84901282563806, 3510.834570916835], [102.31728144176304, 3330.2938846074976], [272.7461165310815, 3199.9044376229867], [178.0634303689003, 2959.1877690977417], [528.3893691645935, 2487.79297462618], [263.27784791309386, 1926.1460942663252], [424.23841438721865, 1755.649375569541], [840.8422334948555, 2347.3797253286466], [1077.5489488970488, 2257.114603440743], [935.524919655174, 2076.5856235837564], [963.9297255026177, 2006.380364282988], [1162.763366440311, 2056.5269520655274], [1210.1047095200047, 1916.116833917331], [1077.5489488970488, 1855.9413810288534], [1588.8354541631415, 1926.1460942663252], [1768.732557868585, 1936.1753598172218], [1977.0344674224034, 2237.0557446815073], [2280.019063135609, 2176.8792932354845], [2526.1940471539274, 2427.61574293999], [2649.281539163552, 2277.173483004328], [2488.3209726903588, 2036.4683013502508], [2583.0036588506773, 1896.0583288194612], [2488.3209726903588, 1635.2996554179117], [2545.1305843871087, 1535.0087939267978], [2431.511360993609, 1555.0669246278703], [2469.384435458109, 1454.7764790924266], [2251.6142572881654, 1434.7184523763135], [2175.868108360097, 1234.13932899246], [2876.5199859486893, 1274.2549873073585], [2885.988254563883, 1444.7474631350487], [3188.9728502789512, 1384.5734765715897], [3245.782461975701, 1194.0237538553774], [3141.631507200189, 1103.7640139046125], [3198.4411188960075, 893.1595914303325], [3359.4016853682697, 843.0160191743635], [3255.250730590895, 702.614708117675], [3330.996879520826, 481.98613449325785], [2810.2421056358144, 913.217056715861], [2422.043092377484, 963.3608108903281], [2213.7411828245968, 602.3286810233258], [2261.0825259052217, 421.8151418440975], [2043.3123477352783, 311.50214117672294], [2147.4633025107905, 221.24651736812666], [2469.384435458109, 231.27489923033863], [2649.281539163552, 90.878025975544], [2620.8767333151773, -9.404831460677087], [2507.2575099216774, 10.651698464062065], [2497.7892413055524, -119.71537459921092], 