{"type": "block", "layer": 9, "block": 0, "features": [{"geom": {"triangles": {"v": [-10431.900460757315, -10267.706262286752, 0.0, -10635.900460757315, -11520.206262286752, 0.0, -9717.400460757315, -11477.206262286752, 0.0, -8432.400460757315, -11671.456262286752, 0.0, -8738.400460757315, -8366.956262286752, 0.0, -7432.400460757315, -8582.956262286752, 0.0, -8554.900460757315, -8215.706262286752, 0.0, -7595.900460757315, -11930.706262286752, 0.0, -8534.400460757315, -12124.956262286752, 0.0, -8309.900460757315, -12427.206262286752, 0.0, -7922.400460757315, -12643.206262286752, 0.0, -8126.400460757315, -12837.706262286752, 0.0, -5902.400460757315, -11692.956262286752, 0.0, -6759.400460757315, -8258.956262286752, 0.0, -5188.400460757315, -11908.956262286752, 0.0, -3821.400460757315, -11757.956262286752, 0.0, -2556.400460757315, -10829.206262286752, 0.0, -3290.900460757315, -11714.706262286752, 0.0, -2719.400460757315, -11390.706262286752, 0.0, -2107.400460757315, -9900.456262286752, 0.0, -1760.9004607573152, -8647.706262286752, 0.0, -1495.4004607573152, -7956.7062622867525, 0.0, -6881.900460757315, -6768.4562622867525, 0.0, -1250.9004607573152, -7589.4562622867525, 0.0, -760.9004607573152, -6509.2062622867525, 0.0, -373.40046075731516, -5493.9562622867525, 0.0, -516.4004607573152, -5990.9562622867525, 0.0, -495.90046075731516, -6250.2062622867525, 0.0, -312.40046075731516, -4478.7062622867525, 0.0, -7677.400460757315, -4781.2062622867525, 0.0, -7983.400460757315, -5169.9562622867525, 0.0, -7636.400460757315, -6682.2062622867525, 0.0, -8146.400460757315, -5493.9562622867525, 0.0, -8778.900460757315, -5990.9562622867525, 0.0, -8105.900460757315, -6941.4562622867525, 0.0, -7718.400460757315, -6876.4562622867525, 0.0, -8778.900460757315, -6833.4562622867525, 0.0, -8636.400460757315, -7027.7062622867525, 0.0, -8207.900460757315, -7135.7062622867525, 0.0, -8656.900460757315, -7027.7062622867525, 0.0, -8840.400460757315, -6768.4562622867525, 0.0, -8982.900460757315, -6271.7062622867525, 0.0, -8656.900460757315, -5407.7062622867525, 0.0, -8819.900460757315, -5515.7062622867525, 0.0, -8799.400460757315, -5472.4562622867525, 0.0, -8228.400460757315, -5321.2062622867525, 0.0, -8697.400460757315, -5148.4562622867525, 0.0, -7901.900460757315, -3571.2062622867525, 0.0, 300.09953924268484, -2923.2062622867525, 0.0, -8105.900460757315, -2923.2062622867525, 0.0, -6045.400460757315, 2932.7937377132475, 0.0, -8615.900460757315, 707.0437377132475, 0.0, -8942.400460757315, -157.45626228675246, 0.0, -8717.900460757315, -2382.9562622867525, 0.0, -9493.400460757315, -1648.4562622867525, 0.0, -9697.400460757315, -1194.4562622867525, 0.0, -9411.400460757315, -308.70626228675246, 0.0, -10003.400460757315, -1000.2062622867525, 0.0, -10003.400460757315, 15.543737713247538, 0.0, -8717.900460757315, 1765.7937377132475, 0.0, -6493.900460757315, 3192.2937377132475, 0.0, -7922.400460757315, 3257.0437377132475, 0.0, -7656.900460757315, 3689.2937377132475, 0.0, -6901.900460757315, 3862.2937377132475, 0.0, -7044.900460757315, 4035.2937377132475, 0.0, -7554.900460757315, 4013.5437377132475, 0.0, -6330.900460757315, 3624.5437377132475, 0.0, -6514.400460757315, 3883.7937377132475, 0.0, -6269.400460757315, 3300.2937377132475, 0.0, -8697.400460757315, 2327.7937377132475, 0.0, -8472.900460757315, 3386.7937377132475, 0.0, -8778.900460757315, 1247.2937377132475, 0.0, -8799.400460757315, 1441.7937377132475, 0.0, -8962.900460757315, 1679.5437377132475, 0.0, 585.5995392426848, -2404.4562622867525, 0.0, 745.5995392426848, 2661.2937377132475, 0.0, 539.5995392426848, 2941.5437377132475, 0.0, 412.09953924268484, 3387.7937377132475, 0.0, -5800.400460757315, 3711.0437377132475, 0.0, -116.90046075731516, 4426.0437377132475, 0.0, -430.40046075731516, 4903.5437377132475, 0.0, -1194.9004607573152, 5734.0437377132475, 0.0, -4339.400460757315, 5997.2937377132475, 0.0, -5199.400460757315, 5316.0437377132475, 0.0, -6045.400460757315, 4143.2937377132475, 0.0, -6636.900460757315, 5115.7937377132475, 0.0, -5516.900460757315, 5643.2937377132475, 0.0, -5341.400460757315, 5537.2937377132475, 0.0, -5341.400460757315, 5555.0437377132475, 0.0, -5691.900460757315, 5829.0437377132475, 0.0, -5975.900460757315, 6032.5437377132475, 0.0, -6759.400460757315, 5267.2937377132475, 0.0, -6799.900460757315, 5894.0437377132475, 0.0, -6242.900460757315, 6474.7937377132475, 0.0, -6919.400460757315, 6306.7937377132475, 0.0, -6453.400460757315, 4359.2937377132475, 0.0, -6718.400460757315, 4770.0437377132475, 0.0, -4823.900460757315, 6068.0437377132475, 0.0, -5149.400460757315, 5953.0437377132475, 0.0, -5299.400460757315, 5705.2937377132475, 0.0, -969.4004607573152, 7011.0437377132475, 0.0, -920.4004607573152, 8610.043737713248, 0.0, -4698.400460757315, 6678.2937377132475, 0.0, -4514.900460757315, 6227.2937377132475, 0.0, -4673.400460757315, 6298.0437377132475, 0.0, -4878.900460757315, 7109.7937377132475, 0.0, -5532.400460757315, 8299.043737713248, 0.0, -1018.4004607573152, 9731.293737713248, 0.0, -1175.4004607573152, 10146.793737713248, 0.0, -5789.900460757315, 9459.043737713248, 0.0, -1596.4004607573152, 11122.793737713248, 0.0, -1361.4004607573152, 10738.543737713248, 0.0, -5927.900460757315, 9800.293737713248, 0.0, -2125.900460757315, 11382.543737713248, 0.0, -6076.400460757315, 10721.043737713248, 0.0, -6084.400460757315, 9966.043737713248, 0.0, -6282.400460757315, 10178.293737713248, 0.0, -6339.900460757315, 10087.543737713248, 0.0, -6253.900460757315, 9923.793737713248, 0.0, -6313.900460757315, 10384.543737713248, 0.0, -6456.900460757315, 10690.543737713248, 0.0, -6353.900460757315, 10848.293737713248, 0.0, -6479.900460757315, 10854.293737713248, 0.0, -5182.900460757315, 11891.293737713248, 0.0, -4957.900460757315, 12047.043737713248, 0.0, -2439.400460757315, 12441.793737713248, 0.0, -2194.400460757315, 12213.293737713248, 0.0, -2066.900460757315, 12119.793737713248, 0.0, -4663.900460757315, 12524.793737713248, 0.0, -2684.400460757315, 12805.293737713248, 0.0, -2507.900460757315, 12639.043737713248, 0.0, -3066.400460757315, 13044.043737713248, 0.0, -4555.900460757315, 12878.043737713248, 0.0, -4634.400460757315, 12805.293737713248, 0.0, -3507.400460757315, 13438.793737713248, 0.0, -4496.900460757315, 13272.543737713248, 0.0, -4673.400460757315, 13127.293737713248, 0.0, -4271.900460757315, 13573.793737713248, 0.0, -4526.400460757315, 13490.793737713248, 0.0, -3291.900460757315, 13355.793737713248, 0.0, -2880.400460757315, 12961.043737713248, 0.0, -4820.400460757315, 12514.543737713248, 0.0, -6015.900460757315, 11257.793737713248, 0.0, -5359.400460757315, 11870.543737713248, 0.0, -6055.400460757315, 11590.293737713248, 0.0, -6133.400460757315, 11351.293737713248, 0.0, -5604.400460757315, 12036.793737713248, 0.0, -5721.900460757315, 12265.293737713248, 0.0, -6162.900460757315, 12670.293737713248, 0.0, -5741.400460757315, 12545.543737713248, 0.0, -5868.900460757315, 12691.043737713248, 0.0, -6456.900460757315, 12691.043737713248, 0.0, -6358.900460757315, 12919.543737713248, 0.0, -5798.900460757315, 8611.043737713248, 0.0, -881.4004607573152, 9087.543737713248, 0.0, -714.9004607573152, 9305.543737713248, 0.0, -792.9004607573152, 9731.293737713248, 0.0, -773.4004607573152, 9035.793737713248, 0.0, -861.9004607573152, 7260.2937377132475, 0.0, -743.9004607573152, 8007.7937377132475, 0.0, -920.4004607573152, 6138.7937377132475, 0.0, -1086.9004607573152, 5817.0437377132475, 0.0, -900.9004607573152, 5671.7937377132475, 0.0, -469.90046075731516, 5308.2937377132475, 0.0, -469.90046075731516, 5516.0437377132475, 0.0, -293.40046075731516, 5152.5437377132475, 0.0, -302.90046075731516, 4965.7937377132475, 0.0, -57.90046075731516, 4799.7937377132475, 0.0, 431.59953924268484, 3740.7937377132475, 0.0, 167.09953924268484, 4498.5437377132475, 0.0, 363.09953924268484, 4457.0437377132475, 0.0, -6004.400460757315, 3473.2937377132475, 0.0, 647.5995392426848, 3346.2937377132475, 0.0, 1054.5995392426848, -1972.4562622867525, 0.0, 1411.5995392426848, 